"Description: ","Annual warmest daily TX"
"Station: ","mount_makulu_climpact"
"Latitude: ","-15.5483"
"Longitude: ","28.2482"
"Base_period: ","1981-2010"
"Climpact_version: ","3.4.2"
"Date_of_calculation: ","2026-09-01"
time, val, ymd
1981, 37.5, 1981-08-28
1982, 35.6, 1982-10-14
1983, 34.9, 1983-10-31
1984, 36, 1984-10-15
1985, 35.4, 1985-09-23
1986, 36.5, 1986-10-07
1987, 37.9, 1987-11-20
1988, 35.6, 1988-10-17
1989, 38.4, 1989-10-26
1990, 38.7, 1990-11-06
1991, 35.6, 1991-10-11
1992, 36.4, 1992-10-19
1993, -99.9, -99.9
1994, -99.9, -99.9
1995, -99.9, -99.9
1996, 36.3, 1996-11-10
1997, 39, 1997-09-28
1998, 37.4, 1998-11-07
1999, 36.5, 1999-10-22
2000, 35.8, 2000-10-26
2001, 36.9, 2001-10-19
2002, -99.9, -99.9
2003, 38, 2003-10-16
2004, 36.9, 2004-10-08
2005, -99.9, -99.9
2006, -99.9, -99.9
2007, -99.9, -99.9
2008, -99.9, -99.9
2009, 36, 2009-10-09
2010, 39.5, 2010-11-19
