"Description: ","Annual number of days when TX > 25 degrees_C"
"Station: ","mount_makulu_climpact"
"Latitude: ","-15.5483"
"Longitude: ","28.2482"
"Base_period: ","1981-2010"
"Climpact_version: ","3.4.2"
"Date_of_calculation: ","2026-09-01"
time, su, standardised values (using all years)
1981, 258, -1.54083329465104
1982, 266, -1.10900740315648
1983, 319, 1.75183912799498
1984, 280, -0.353312093041005
1985, 263, -1.27094211246694
1986, 257, -1.59481153108786
1987, 316, 1.58990441868452
1988, 309, 1.21205676362678
1989, 294, 0.402383217074476
1990, 301, 0.780230872132216
1991, 294, 0.402383217074476
1992, 310, 1.2660350000636
1993, -99.9, -99.9
1994, -99.9, -99.9
1995, -99.9, -99.9
1996, 285, -0.0834209108569045
1997, 281, -0.299333856604184
1998, 305, 0.996143817879496
1999, 286, -0.0294426744200845
2000, 265, -1.1629856395933
2001, 276, -0.569225038788285
2002, -99.9, -99.9
2003, 294, 0.402383217074476
2004, 290, 0.186470271327196
2005, -99.9, -99.9
2006, -99.9, -99.9
2007, -99.9, -99.9
2008, -99.9, -99.9
2009, 281, -0.299333856604184
2010, 274, -0.677181511661925
