"Description: ","Maximum annual 1-day precipitation total"
"Station: ","mount_makulu_climpact"
"Latitude: ","-15.5483"
"Longitude: ","28.2482"
"Base_period: ","1981-2010"
"Climpact_version: ","3.4.2"
"Date_of_calculation: ","2026-09-01"
time, val, ymd
1981, 69, 1981-01-12
1982, 69, 1982-01-22
1983, 60, 1983-01-23
1984, 55.9, 1984-02-09
1985, 90.5, 1985-11-09
1986, 85.9, 1986-10-24
1987, 70.6, 1987-01-16
1988, 54, 1988-12-16
1989, 125, 1989-02-04
1990, 56.2, 1990-12-26
1991, 88.6, 1991-11-21
1992, 49.5, 1992-01-11
1993, 60.4, 1993-02-23
1994, 109, 1994-12-10
1995, 58.6, 1995-03-25
1996, 60.4, 1996-01-16
1997, 70, 1997-04-01
1998, 52.1, 1998-01-09
1999, 84, 1999-12-11
2000, 64.4, 2000-11-12
2001, 82.6, 2001-02-12
2002, 41.3, 2002-12-15
2003, 91.3, 2003-12-12
2004, 65, 2004-02-12
2005, -99.9, -99.9
2006, -99.9, -99.9
2007, -99.9, -99.9
2008, -99.9, -99.9
2009, 55.8, 2009-12-11
2010, 84.1, 2010-02-01
