"Description: ","100*r95p / PRCPTOT"
"Station: ","mount_makulu_climpact"
"Latitude: ","-15.5483"
"Longitude: ","28.2482"
"Base_period: ","1981-2010"
"Climpact_version: ","3.4.2"
"Date_of_calculation: ","2026-09-01"
time, r95ptot, standardised values (using all years)
1981, 21.7272451149134, 0.0344067150660354
1982, 43.5112506541078, 2.06967951834965
1983, 8.64802536754108, -1.18758068261901
1984, 8.34702105420337, -1.2157034211808
1985, 19.5581546458739, -0.168250726952824
1986, 32.3415367571417, 1.0260966532034
1987, 27.8461271876624, 0.606091947460915
1988, 16.139044072005, -0.487697155200112
1989, 42.5739709180352, 1.98210976665889
1990, 24.9818181818182, 0.338480455657621
1991, 26.1311297751287, 0.445860277249878
1992, 7.23895875987131, -1.31922933371054
1993, 16.3359884141926, -0.469296707096396
1994, 30.2953228769252, 0.834919532328504
1995, 20.4373757455268, -0.0861053754481601
1996, 13.2376215238526, -0.758776153617719
1997, 22.9949748743719, 0.152850308770454
1998, 21.4190292415022, 0.00561020270904679
1999, 15.9594755661502, -0.504474184366533
2000, 7.00685453160701, -1.34091475893978
2001, 30.9304603330069, 0.894260225590081
2002, 0, -1.99556297958431
2003, 28.3073056901813, 0.649179710266841
2004, 31.8646292303366, 0.981539332593048
2005, -99.9, -99.9
2006, -99.9, -99.9
2007, -99.9, -99.9
2008, -99.9, -99.9
2009, 14.6323636895191, -0.628465830648581
2010, 22.8678456311525, 0.140972663460416
