Month,Tmax_Raw,Tmax_BC,Tmin_Raw,Tmin_BC,Precip_Raw,Precip_BC,Tmax_Obs,Tmin_Obs,Precip_Obs
1,25.881299834439428,27.754792951915764,17.789143584876957,17.49817009464063,10.554786189909905,7.393724392956094,27.754727474972192,17.498057142857142,7.396129032258064
2,25.90101680482889,27.915481732006743,17.68452507903787,17.13728751839403,9.784723245830152,6.3700814515175095,27.915384615384617,17.137240537240537,6.366115702479339
3,26.146248870083962,28.224453405017922,16.80619266195539,16.714140884521452,4.18166745093561,2.767999798545746,28.22435483870968,16.71410118406889,3.0646236559139783
4,25.74714855052809,27.658925925925928,15.315649216263408,14.690370370370369,0.7090606689453125,0.7181726183895338,27.65877777777778,14.690333333333333,0.756
5,24.724277466257863,26.44165243006123,13.190333797769332,11.431046969223466,0.17575910014490928,0.10036240541616887,26.441510474090407,11.430913091309131,0.10075268817204301
6,23.425743317780697,24.571407304412308,10.986131241409892,9.130971223169778,0.032993316650390625,0.004222222222222222,24.571309523809525,9.130864197530864,0.002261904761904762
7,23.25798510479673,24.202293482412585,10.450063529065885,9.165047956912083,0.01974659581338206,0.0,24.202073732718894,9.164874551971327,0.0
8,26.388277049731204,26.955685035360023,12.994878062039744,11.816207719403836,0.009797619235131049,0.0,26.95556792873051,11.816017797552837,0.0
9,29.906979121455464,30.560136200716844,16.79678844875762,15.398346022329337,0.068603515625,0.015143915343915343,30.55988095238095,15.398095238095237,0.014597701149425286
10,32.11573289987437,32.02648348129372,20.060222278444595,18.058512853455557,0.7622614214497228,0.6188304368885019,32.02603686635945,18.058294930875576,0.6844271412680756
11,29.308754634150777,31.03519095291064,19.44841934204104,18.366836011205866,6.3618927001953125,3.220990338164251,31.03492252681764,18.366785714285715,3.2195555555555555
12,26.37150750382402,28.24055117654548,17.927395761141238,17.761958420624172,10.506473664314516,6.229276605338182,28.240437788018433,17.761904761904763,6.223870967741935
