Scenario,Month,Tmax,Tmin,Precip
RCP45,1,28.958660886049355,18.669991630820697,8.443467440554484
RCP45,2,29.11028459120772,18.41137054836365,7.362334635727765
RCP45,3,29.535183991214193,17.933623447844585,3.0350475601035494
RCP45,4,29.145036421059373,16.32007017908693,1.074988967089505
RCP45,5,28.135770149833487,13.525682810539168,0.049748751451516554
RCP45,6,25.924697243710323,11.314788578287065,0.00387037037037037
RCP45,7,26.101267131403763,11.526743543087923,0.0
RCP45,8,28.85544944758732,14.200723638566854,0.0
RCP45,9,32.56108133372668,17.493802607611652,0.008472846325379325
RCP45,10,34.47676654287817,19.865992732005797,0.5246418123591282
RCP45,11,32.984722500633886,19.893846898419547,2.8900672891631127
RCP45,12,29.562297851430348,19.063567030159657,6.5250777196803185
RCP85,1,29.59534991160898,19.158154912557823,8.667648676621535
RCP85,2,29.770436384257,18.823863812456096,7.059286107802456
RCP85,3,30.185754484026415,18.459375866448735,3.413903744361761
RCP85,4,29.769729031465193,16.933006911692726,0.9328588257712239
RCP85,5,28.770466162479398,14.503173943465855,0.06601889493504055
RCP85,6,26.65557805717299,12.24109459122032,0.0024629629629629632
RCP85,7,26.87201801711156,12.455913535600528,0.0
RCP85,8,29.811365030716615,14.975902080226561,0.0
RCP85,9,33.53437485014723,18.35791272880991,0.011515240754130567
RCP85,10,35.73586489601802,20.725146738110215,0.4349778901762296
RCP85,11,33.941051490466485,20.553448573205355,2.9863849296285916
RCP85,12,30.089186959530576,19.478868687360844,6.737950203674957
