Model,Scenario,Mean_Tmax_C,Mean_Tmin_C,Annual_Precip_mm
CanESM2,RCP45,29.870357510785855,16.556347911000444,824.4914884271986
CanESM2,RCP85,30.800026390772047,17.46802006324403,892.2298902210927
IPSL-CM5A-MR,RCP45,29.502685677567328,16.350496976480205,1002.3172217249812
IPSL-CM5A-MR,RCP85,30.59819377748149,17.317414100269424,1007.0389215821348
MIROC5,RCP45,29.946319506207416,16.798741209682966,853.3281169762985
MIROC5,RCP85,30.510042551665048,17.382267964299615,921.244198645301
MPI-ESM-LR,RCP45,29.613442683832016,16.548789324464323,899.1911750923813
MPI-ESM-LR,RCP85,30.25598780701448,17.157798366575975,883.2850791301368
NorESM1-M,RCP45,29.278150963475333,16.365656735132767,896.9595255067281
NorESM1-M,RCP85,29.91027554061075,16.864697924695133,913.3687625990265
GFDL-ESM2M,RCP45,29.45357972982559,16.415198746606567,933.6126148797094
GFDL-ESM2M,RCP85,30.28343539014869,17.078146598138364,871.9314188840949
