Model,Scenario,Annual_Precip_mm,Anomaly_percent
CanESM2,RCP45,824.4914884271986,-1.8867425633232238
CanESM2,RCP85,892.2298902210927,6.174026221848057
IPSL-CM5A-MR,RCP45,1002.3172217249812,19.27425448128328
IPSL-CM5A-MR,RCP85,1007.0389215821348,19.83612972211487
MIROC5,RCP45,853.3281169762985,1.5447732256884337
MIROC5,RCP85,921.244198645301,9.626685650997342
MPI-ESM-LR,RCP45,899.1911750923813,7.002408739137186
MPI-ESM-LR,RCP85,883.2850791301368,5.109607042744682
NorESM1-M,RCP45,896.9595255067281,6.736845766833715
NorESM1-M,RCP85,913.3687625990265,8.689520507293803
GFDL-ESM2M,RCP45,933.6126148797094,11.09850873604261
GFDL-ESM2M,RCP85,871.9314188840949,3.7585384068592727
